URL, Program
https://catalog.mcc.edu/preview_program.php?catoid=17&poid=2131&returnto=518, "General Education Requirements"
https://catalog.mcc.edu/preview_program.php?catoid=17&poid=2030&returnto=518, "Associate in Arts"
https://catalog.mcc.edu/preview_program.php?catoid=17&poid=2034&returnto=518, "Associate in Science"
https://catalog.mcc.edu/preview_program.php?catoid=17&poid=2032&returnto=518, "Associate in Fine Arts Studio Art Option"
https://catalog.mcc.edu/preview_program.php?catoid=17&poid=2031&returnto=518, "Associate in Fine Arts Music Option"
https://catalog.mcc.edu/preview_program.php?catoid=17&poid=2033&returnto=518, "Associate in General Studies"
https://catalog.mcc.edu/preview_program.php?catoid=17&poid=2036&returnto=518, "Accounting A.A.S."
https://catalog.mcc.edu/preview_program.php?catoid=17&poid=2047&returnto=518, "Applied Technology A.A.S."
https://catalog.mcc.edu/preview_program.php?catoid=17&poid=2049&returnto=518, "Automotive Technology A.A.S."
https://catalog.mcc.edu/preview_program.php?catoid=17&poid=2052&returnto=518, "Baking & Pastry Arts A.A.S."
https://catalog.mcc.edu/preview_program.php?catoid=17&poid=2053&returnto=518, "Building and Construction Management A.A.S."
https://catalog.mcc.edu/preview_program.php?catoid=17&poid=2098&returnto=518, "Business Administration A.A.S."
https://catalog.mcc.edu/preview_program.php?catoid=17&poid=2057&returnto=518, "Business Management A.A.S."
https://catalog.mcc.edu/preview_program.php?catoid=17&poid=2060&returnto=518, "CAD and Design A.A.S."
https://catalog.mcc.edu/preview_program.php?catoid=17&poid=2066&returnto=518, "Computer Information Systems A.A.S."
https://catalog.mcc.edu/preview_program.php?catoid=17&poid=2068&returnto=518, "Computer Networking and Cybersecurity A.A.S."
https://catalog.mcc.edu/preview_program.php?catoid=17&poid=2133&returnto=518, "Corrections A.A.S."
https://catalog.mcc.edu/preview_program.php?catoid=17&poid=2079&returnto=518, "Criminal Justice A.A.S."
https://catalog.mcc.edu/preview_program.php?catoid=17&poid=2081&returnto=518, "Culinary Arts A.A.S."
https://catalog.mcc.edu/preview_program.php?catoid=17&poid=2148&returnto=518, "Data Analytics A.A.S."
https://catalog.mcc.edu/preview_program.php?catoid=17&poid=2083&returnto=518, "Dental Assisting A.A.S."
https://catalog.mcc.edu/preview_program.php?catoid=17&poid=2085&returnto=518, "Dental Hygiene A.A.S."
https://catalog.mcc.edu/preview_program.php?catoid=17&poid=2088&returnto=518, "Early Childhood Education A.A.S."
https://catalog.mcc.edu/preview_program.php?catoid=17&poid=2093&returnto=518, "Electronics and Electrical Technology A.A.S."
https://catalog.mcc.edu/preview_program.php?catoid=17&poid=2123&returnto=518, "Entrepreneurship & Small Business Management A.A.S."
https://catalog.mcc.edu/preview_program.php?catoid=17&poid=2097&returnto=518, "Food Services Management A.A.S."
https://catalog.mcc.edu/preview_program.php?catoid=17&poid=2099&returnto=518, "Graphic Design A.A.S."
https://catalog.mcc.edu/preview_program.php?catoid=17&poid=2101&returnto=518, "Haircare Salon Management A.A.S."
https://catalog.mcc.edu/preview_program.php?catoid=17&poid=2145&returnto=518, "Health Fitness Professional A.A.S."
https://catalog.mcc.edu/preview_program.php?catoid=17&poid=2045&returnto=518, "Heating Ventilation Air Conditioning & Refrigeration Technology A.A.S."
https://catalog.mcc.edu/preview_program.php?catoid=17&poid=2102&returnto=518, "Histologic Technician A.A.S."
https://catalog.mcc.edu/preview_program.php?catoid=17&poid=2103&returnto=518, "Industrial Technology A.A.S."
https://catalog.mcc.edu/preview_program.php?catoid=17&poid=2070&returnto=518, "Information Technology A.A.S."
https://catalog.mcc.edu/preview_program.php?catoid=17&poid=2107&returnto=518, "Marketing A.A.S."
https://catalog.mcc.edu/preview_program.php?catoid=17&poid=2150&returnto=518, "Mechanical & Automated Design Technology A.A.S"
https://catalog.mcc.edu/preview_program.php?catoid=17&poid=2109&returnto=518, "Mechanical Operations Technology A.A.S."
https://catalog.mcc.edu/preview_program.php?catoid=17&poid=2110&returnto=518, "Media Arts and Entertainment Technology A.A.S."
https://catalog.mcc.edu/preview_program.php?catoid=17&poid=2135&returnto=518, "Music Technology A.A.S."
https://catalog.mcc.edu/preview_program.php?catoid=17&poid=2029&returnto=518, "Nursing A.A.S."
https://catalog.mcc.edu/preview_program.php?catoid=17&poid=2114&returnto=518, "Occupational Therapy Assistant A.A.S."
https://catalog.mcc.edu/preview_program.php?catoid=17&poid=2116&returnto=518, "Paramedics (Graduate) A.A.S."
https://catalog.mcc.edu/preview_program.php?catoid=17&poid=2117&returnto=518, "Photography A.A.S."
https://catalog.mcc.edu/preview_program.php?catoid=17&poid=2118&returnto=518, "Physical Therapist Assistant A.A.S."
https://catalog.mcc.edu/preview_program.php?catoid=17&poid=2120&returnto=518, "Respiratory Therapy A.A.S."
https://catalog.mcc.edu/preview_program.php?catoid=17&poid=2122&returnto=518, "Sign Language Interpreter Education A.A.S."
https://catalog.mcc.edu/preview_program.php?catoid=17&poid=2124&returnto=518, "Social Work Technician A.A.S."
https://catalog.mcc.edu/preview_program.php?catoid=17&poid=2143&returnto=518, "Welding Technology A.A.S."
https://catalog.mcc.edu/preview_program.php?catoid=17&poid=2037&returnto=518, "Accounting Certificate"
https://catalog.mcc.edu/preview_program.php?catoid=17&poid=2048&returnto=518, "Art and Design Foundation Certificate"
https://catalog.mcc.edu/preview_program.php?catoid=17&poid=2144&returnto=518, "Automotive Alternative Fuels"
https://catalog.mcc.edu/preview_program.php?catoid=17&poid=2050&returnto=518, "Automotive Undercar Repair Certificate"
https://catalog.mcc.edu/preview_program.php?catoid=17&poid=2051&returnto=518, "Autopsy Assistant Certificate"
https://catalog.mcc.edu/preview_program.php?catoid=17&poid=2058&returnto=518, "Business Management Certificate"
https://catalog.mcc.edu/preview_program.php?catoid=17&poid=2061&returnto=518, "CAD and Design - Architectural Certificate"
https://catalog.mcc.edu/preview_program.php?catoid=17&poid=2062&returnto=518, "CAD and Design - Mechanical Certificate"
https://catalog.mcc.edu/preview_program.php?catoid=17&poid=2063&returnto=518, "CADD/CAM Certificate"
https://catalog.mcc.edu/preview_program.php?catoid=17&poid=2069&returnto=518, "Computer Networking Technology Certificate"
https://catalog.mcc.edu/preview_program.php?catoid=17&poid=2071&returnto=518, "Computer Programming Certificate"
https://catalog.mcc.edu/preview_program.php?catoid=17&poid=2072&returnto=518, "Computer Repair Technician Certificate"
https://catalog.mcc.edu/preview_program.php?catoid=17&poid=2073&returnto=518, "Computer Science Certificate"
https://catalog.mcc.edu/preview_program.php?catoid=17&poid=2074&returnto=518, "Computer Security Certificate"
https://catalog.mcc.edu/preview_program.php?catoid=17&poid=2147&returnto=518, "Computer Security & Controls Post Degree Certificate"
https://catalog.mcc.edu/preview_program.php?catoid=17&poid=2075&returnto=518, "Computer Support Services and Help Desk Certificate"
https://catalog.mcc.edu/preview_program.php?catoid=17&poid=2132&returnto=518, "Corrections Certificate"
https://catalog.mcc.edu/preview_program.php?catoid=17&poid=2076&returnto=518, "Cosmetic Services Certificate"
https://catalog.mcc.edu/preview_program.php?catoid=17&poid=2077&returnto=518, "Cosmetology Certificate"
https://catalog.mcc.edu/preview_program.php?catoid=17&poid=2080&returnto=518, "Criminal Justice Certificate"
https://catalog.mcc.edu/preview_program.php?catoid=17&poid=2082&returnto=518, "Customer Energy Specialist Certificate"
https://catalog.mcc.edu/preview_program.php?catoid=17&poid=2084&returnto=518, "Dental Assisting Certificate"
https://catalog.mcc.edu/preview_program.php?catoid=17&poid=2090&returnto=518, "Early Childhood Education Certificate"
https://catalog.mcc.edu/preview_program.php?catoid=17&poid=2091&returnto=518, "Early Childhood Education Infant & Toddler Certificate"
https://catalog.mcc.edu/preview_program.php?catoid=17&poid=2092&returnto=518, "Electrical Technology for Apprentice Electricians Certificate"
https://catalog.mcc.edu/preview_program.php?catoid=17&poid=2094&returnto=518, "Electronics and Electrical Technology Certificate"
https://catalog.mcc.edu/preview_program.php?catoid=17&poid=2095&returnto=518, "Entrepreneurship Certificate"
https://catalog.mcc.edu/preview_program.php?catoid=17&poid=2035&returnto=518, "General Studies Certificate"
https://catalog.mcc.edu/preview_program.php?catoid=17&poid=2100&returnto=518, "Graphic Design - Advanced Certificate"
https://catalog.mcc.edu/preview_program.php?catoid=17&poid=2137&returnto=518, "Graphic Design Foundation Certificate"
https://catalog.mcc.edu/preview_program.php?catoid=17&poid=2046&returnto=518, "Heating Ventilation Air Conditioning & Refrigeration Technology Certificate"
https://catalog.mcc.edu/preview_program.php?catoid=17&poid=2078&returnto=518, "Instructor Certificate in Cosmetology/Nail Technology/Esthetics"
https://catalog.mcc.edu/preview_program.php?catoid=17&poid=2105&returnto=518, "Machine Tool Technology Certificate"
https://catalog.mcc.edu/preview_program.php?catoid=17&poid=2108&returnto=518, "Marketing Certificate"
https://catalog.mcc.edu/preview_program.php?catoid=17&poid=2142&returnto=518, "Mechatronics Certificate"
https://catalog.mcc.edu/preview_program.php?catoid=17&poid=2111&returnto=518, "Media Arts & Entertainment Technology Production Fundamentals Certificate"
https://catalog.mcc.edu/preview_program.php?catoid=17&poid=2134&returnto=518, "Music Technology Certificate"
https://catalog.mcc.edu/preview_program.php?catoid=17&poid=2113&returnto=518, "Nail Technician/Salon Management Certificate"
https://catalog.mcc.edu/preview_program.php?catoid=17&poid=2136&returnto=518, "Photography Certificate"
https://catalog.mcc.edu/preview_program.php?catoid=17&poid=2140&returnto=518, "Professional Baking Certificate"
https://catalog.mcc.edu/preview_program.php?catoid=17&poid=2141&returnto=518, "Professional Cooking Certificate"
https://catalog.mcc.edu/preview_program.php?catoid=17&poid=2121&returnto=518, "Robotic Programming and Control Certificate"
https://catalog.mcc.edu/preview_program.php?catoid=17&poid=2138&returnto=518, "Substance Abuse Services Certificate"
https://catalog.mcc.edu/preview_program.php?catoid=17&poid=2128&returnto=518, "Web Developer Certificate"
https://catalog.mcc.edu/preview_program.php?catoid=17&poid=2130&returnto=518, "Welding Certificate"
https://catalog.mcc.edu/preview_program.php?catoid=17&poid=2038&returnto=518, "Apprentice Preparation"
https://catalog.mcc.edu/preview_program.php?catoid=17&poid=2039&returnto=518, "Child Development Associate Credential"
https://catalog.mcc.edu/preview_program.php?catoid=17&poid=2040&returnto=518, "Corrections Preparation"
https://catalog.mcc.edu/preview_program.php?catoid=17&poid=2041&returnto=518, "Health Unit Coordinator - Ward Clerk"
https://catalog.mcc.edu/preview_program.php?catoid=17&poid=2044&returnto=518, Phlebotomy
